Date,Country,Composite Leading Index
1995-01-01,Slovenia,
1980-01-01,Belgium,100.5824
1972-01-01,Turkey,
2003-01-01,Russia,97.74855
1982-01-01,Mexico,104.3501
1970-01-01,Turkey,
1974-01-01,Estonia,
1994-01-01,Brazil,99.84665
1962-01-01,Germany,
1977-01-01,Czech Republic,
2004-01-01,India,97.94598
2013-01-01,Spain,99.44489
1961-01-01,Mexico,
2015-01-01,United Kingdom,101.382
2001-01-01,Austria,101.3779
1977-01-01,Austria,98.45134
2002-01-01,Germany,100.6624
1981-01-01,Italy,102.2294
1966-01-01,Hungary,
1987-01-01,Russia,
1966-01-01,Canada,101.3434
1965-01-01,United States,100.1725
1957-01-01,Turkey,
1993-01-01,Denmark,100.2307
1975-01-01,Australia,102.3698
1977-01-01,Israel,
1961-01-01,New Zealand,
1956-01-01,South Africa,
1974-01-01,Finland,
1982-01-01,United Kingdom,97.08493
2010-01-01,People's Republic of China.: Mainland,93.96007
1973-01-01,Korea,
1982-01-01,Slovak Republic,
1968-01-01,Portugal,
1987-01-01,Ireland,98.56393
2001-01-01,Slovenia,101.1801
2001-01-01,Ireland,102.663
1969-01-01,Greece,
1986-01-01,Poland,
2012-01-01,France,101.1513
1998-01-01,Korea,97.78144
1958-01-01,Germany,
1965-01-01,Portugal,
1966-01-01,Ireland,
1970-01-01,Norway,
1975-01-01,United Kingdom,98.78702
2012-01-01,Chile,103.3638
1995-01-01,Austria,99.11079
1975-01-01,Austria,101.0891
1994-01-01,United Kingdom,99.03322
1989-01-01,Austria,98.47411
1976-01-01,Portugal,
1994-01-01,Ireland,97.92064
1987-01-01,Finland,97.1263
1971-01-01,Poland,
2000-01-01,Slovak Republic,100.2382
1981-01-01,Brazil,
1976-01-01,Austria,98.37002
1962-01-01,Sweden,
1957-01-01,Norway,
2003-01-01,New Zealand,100.4869
2002-01-01,Indonesia,98.95175
1973-01-01,Canada,101.187
2013-01-01,Ireland,99.18537
1980-01-01,Japan,102.4171
1995-01-01,Germany,99.13407
2015-01-01,Spain,100.445
1961-01-01,Finland,
2000-01-01,Ireland,99.2757
1960-01-01,People's Republic of China.: Mainland,
2007-01-01,Russia,101.1435
1990-01-01,Brazil,
2013-01-01,Austria,100.0486
2007-01-01,Sweden,100.0152
1981-01-01,United States,98.75452
1970-01-01,United Kingdom,100.4089
1958-01-01,New Zealand,
1974-01-01,Belgium,101.5118
1985-01-01,Ireland,101.0637
2006-01-01,Denmark,100.5023
1961-01-01,Hungary,
1985-01-01,Brazil,
1972-01-01,Czech Republic,
1994-01-01,India,
1964-01-01,New Zealand,
1997-01-01,United States,98.63787
1990-01-01,Slovenia,
1986-01-01,Turkey,
2008-01-01,New Zealand,102.1151
2011-01-01,India,101.5409
1978-01-01,Italy,99.42221
1996-01-01,United Kingdom,101.0592
1974-01-01,Hungary,
2008-01-01,Greece,101.2837
2002-01-01,Spain,100.9329
1963-01-01,Brazil,
1998-01-01,Portugal,98.9736
1965-01-01,Korea,
2000-01-01,Austria,99.55317
2009-01-01,Denmark,101.4377
2003-01-01,United Kingdom,99.4994
1968-01-01,Mexico,
2002-01-01,Finland,100.689
1963-01-01,Estonia,
1969-01-01,Korea,
1992-01-01,Switzerland,97.87721
1993-01-01,Israel,
2012-01-01,Australia,100.7484
1989-01-01,People's Republic of China.: Mainland,
1983-01-01,Japan,100.635
1958-01-01,South Africa,
2007-01-01,United States,100.904
1967-01-01,Chile,
1987-01-01,People's Republic of China.: Mainland,
1963-01-01,South Africa,
1956-01-01,Chile,
1980-01-01,Israel,
1991-01-01,South Africa,100.2076
2012-01-01,Brazil,102.4143
1964-01-01,Slovenia,
2004-01-01,Sweden,98.3195
1968-01-01,South Africa,
1994-01-01,Slovenia,
1962-01-01,Indonesia,
1995-01-01,Hungary,100.6248
1980-01-01,South Africa,98.76412
1974-01-01,Denmark,102.4392
1961-01-01,Korea,
1966-01-01,India,
1987-01-01,Switzerland,101.4563
1979-01-01,India,
1999-01-01,New Zealand,97.54832
1976-01-01,Japan,95.59097
1976-01-01,India,
2015-01-01,Ireland,99.97695
1965-01-01,Italy,100.3564
1968-01-01,Slovenia,
1991-01-01,Mexico,100.1291
1972-01-01,Greece,
1991-01-01,Slovak Republic,
1992-01-01,People's Republic of China.: Mainland,96.26032
1997-01-01,Poland,100.7475
1970-01-01,Hungary,
1995-01-01,Australia,101.5937
1963-01-01,Portugal,
1968-01-01,Italy,100.1851
1964-01-01,Ireland,
1992-01-01,Spain,100.9128
2011-01-01,Greece,101.8289
1986-01-01,United States,100.2611
2011-01-01,New Zealand,100.712
2006-01-01,Israel,100.2582
2005-01-01,Estonia,99.6282
2012-01-01,India,101.8223
1958-01-01,Italy,
1961-01-01,Luxembourg,
1958-01-01,Japan,
2007-01-01,People's Republic of China.: Mainland,100.0696
1983-01-01,South Africa,100.8922
1964-01-01,Japan,98.37884
2005-01-01,India,99.51556
2009-01-01,Norway,102.0463
2005-01-01,People's Republic of China.: Mainland,101.2547
1978-01-01,Estonia,
2009-01-01,Russia,104.2765
2013-01-01,France,100.0361
1975-01-01,Finland,
2011-01-01,Finland,102.9071
1983-01-01,Poland,
2014-01-01,United Kingdom,99.84936
1961-01-01,Portugal,
2007-01-01,Chile,100.5355
1975-01-01,Mexico,
1963-01-01,Greece,
1988-01-01,Portugal,101.1475
1978-01-01,Brazil,
1975-01-01,United States,100.6838
1988-01-01,Finland,102.1841
1997-01-01,Germany,99.5734
2008-01-01,United States,101.3697
1964-01-01,United Kingdom,99.38214
1993-01-01,India,
2008-01-01,Austria,101.4922
1959-01-01,Indonesia,
1967-01-01,Norway,
1989-01-01,Luxembourg,99.87691
1993-01-01,Australia,99.48466
1958-01-01,Finland,
1963-01-01,Russia,
1999-01-01,United Kingdom,101.051
1956-01-01,Luxembourg,
1986-01-01,People's Republic of China.: Mainland,
2001-01-01,Spain,101.8117
1979-01-01,Slovak Republic,
1969-01-01,Belgium,99.16798
2009-01-01,Turkey,104.1623
1990-01-01,Italy,101.7368
1998-01-01,Italy,98.78094
1990-01-01,Japan,101.4929
2010-01-01,Luxembourg,95.82616
1974-01-01,Ireland,
1985-01-01,United States,102.487
1964-01-01,Estonia,
1956-01-01,Poland,
1990-01-01,Israel,
2000-01-01,People's Republic of China.: Mainland,99.37165
1961-01-01,India,
1962-01-01,Netherlands,
2014-01-01,Czech Republic,97.77307
1984-01-01,United Kingdom,99.72207
2005-01-01,Luxembourg,100.2728
1990-01-01,Austria,100.5561
2006-01-01,Korea,100.0936
1957-01-01,Brazil,
1976-01-01,New Zealand,
1968-01-01,Turkey,
1992-01-01,Germany,100.877
1957-01-01,Canada,
1983-01-01,Slovenia,
2005-01-01,Brazil,100.8962
2010-01-01,Norway,96.86172
1992-01-01,Russia,
1988-01-01,Switzerland,99.54168
2014-01-01,Mexico,100.6576
1983-01-01,United States,97.24919
1978-01-01,Israel,
2008-01-01,Japan,101.4225
1960-01-01,Poland,
1964-01-01,Mexico,
1956-01-01,Japan,
1966-01-01,Japan,98.38552
1977-01-01,People's Republic of China.: Mainland,
1959-01-01,People's Republic of China.: Mainland,
1995-01-01,Netherlands,99.32451
2008-01-01,People's Republic of China.: Mainland,101.7515
1967-01-01,Switzerland,
1966-01-01,Slovenia,
1979-01-01,Australia,99.30527
1956-01-01,France,
1959-01-01,Spain,
1990-01-01,Netherlands,100.4293
1995-01-01,Slovak Republic,98.50772
1984-01-01,Slovenia,
1962-01-01,United Kingdom,100.329
1970-01-01,Spain,
2001-01-01,Norway,100.159
1964-01-01,Czech Republic,
2006-01-01,Chile,101.6232
1987-01-01,Norway,102.0522
1956-01-01,Canada,
1997-01-01,Israel,100.866
1999-01-01,Turkey,101.9356
1973-01-01,New Zealand,
1975-01-01,Brazil,
1978-01-01,Portugal,
2004-01-01,Denmark,98.8036
2008-01-01,Russia,103.7537
2001-01-01,Italy,100.5888
1987-01-01,Netherlands,100.6601
1961-01-01,Poland,
1974-01-01,Israel,
2008-01-01,India,100.0064
1973-01-01,Turkey,
1979-01-01,Russia,
2004-01-01,People's Republic of China.: Mainland,100.5546
1979-01-01,Austria,98.9975
1969-01-01,Israel,
1993-01-01,United States,99.07301
1985-01-01,Greece,100.0481
2009-01-01,Switzerland,101.2521
1998-01-01,Turkey,101.5582
1958-01-01,United States,100.5825
1982-01-01,Sweden,98.55956
2010-01-01,Brazil,96.1221
2000-01-01,Norway,98.21483
1984-01-01,Greece,99.32843
1960-01-01,Switzerland,
1991-01-01,Luxembourg,101.1042
1977-01-01,Netherlands,99.16506
1960-01-01,Netherlands,
1956-01-01,Finland,
1962-01-01,Czech Republic,
2015-01-01,Denmark,100.4108
1988-01-01,Poland,
1963-01-01,Slovenia,
1992-01-01,Indonesia,
1985-01-01,Netherlands,100.8086
1970-01-01,France,
2007-01-01,Australia,99.97016
1979-01-01,Luxembourg,
2015-01-01,People's Republic of China.: Mainland,100.799
2004-01-01,Canada,99.34799
2004-01-01,Italy,99.55264
1961-01-01,Israel,
1967-01-01,Poland,
1984-01-01,Hungary,
1982-01-01,Hungary,
2003-01-01,Poland,97.33779
1970-01-01,Finland,
1982-01-01,Ireland,101.5829
1975-01-01,Poland,
1981-01-01,South Africa,101.7992
2011-01-01,Sweden,98.21606
1963-01-01,Mexico,
2006-01-01,Estonia,100.0909
2014-01-01,Sweden,99.02731
1977-01-01,Ireland,
1991-01-01,United Kingdom,99.818
1980-01-01,Slovak Republic,
1974-01-01,Russia,
1966-01-01,Luxembourg,
1974-01-01,Sweden,101.2007
1982-01-01,Chile,
2006-01-01,Belgium,100.029
2010-01-01,Spain,98.6882
1967-01-01,Canada,100.7974
1968-01-01,France,
1991-01-01,Portugal,101.1645
1996-01-01,Finland,103.4512
1998-01-01,United Kingdom,100.4826
1970-01-01,Brazil,
2004-01-01,Austria,99.53838
1959-01-01,Russia,
2003-01-01,Portugal,99.21356
1961-01-01,Germany,
1967-01-01,Hungary,
2006-01-01,Mexico,99.90019
1972-01-01,New Zealand,
2004-01-01,Israel,97.18053
1961-01-01,France,
1988-01-01,Brazil,
2000-01-01,Italy,99.73549
1969-01-01,Turkey,
2014-01-01,Hungary,100.2409
1989-01-01,Mexico,98.98984
1985-01-01,People's Republic of China.: Mainland,
1981-01-01,Greece,101.0567
1995-01-01,Turkey,98.21213
1969-01-01,Brazil,
1988-01-01,United States,99.88953
2012-01-01,Japan,100.1735
2015-01-01,Belgium,100.5834
1981-01-01,New Zealand,
2006-01-01,Czech Republic,100.1183
1958-01-01,Slovak Republic,
2014-01-01,Chile,99.97915
1972-01-01,Denmark,98.51292
1997-01-01,South Africa,101.1716
1996-01-01,Brazil,101.3493
1976-01-01,Mexico,
2000-01-01,Japan,97.87326
1987-01-01,Spain,98.0228
1965-01-01,Sweden,
2015-01-01,Austria,100.6063
1971-01-01,Mexico,
2012-01-01,Turkey,101.909
1972-01-01,People's Republic of China.: Mainland,
1995-01-01,Japan,98.83311
1958-01-01,Ireland,
2010-01-01,Chile,93.18547
1982-01-01,Czech Republic,
2015-01-01,Israel,99.82294
2007-01-01,France,100.1952
2013-01-01,Turkey,100.8876
1961-01-01,Turkey,
1974-01-01,Japan,104.0747
1998-01-01,France,98.39525
1990-01-01,Spain,101.6943
1976-01-01,Czech Republic,
1979-01-01,Spain,99.6634
1998-01-01,Brazil,100.9717
2004-01-01,Belgium,99.07388
2010-01-01,Portugal,96.3159
1998-01-01,Netherlands,99.80189
1975-01-01,Belgium,100.9199
2005-01-01,Turkey,102.4335
1991-01-01,Finland,97.8939
1975-01-01,People's Republic of China.: Mainland,
1967-01-01,Luxembourg,
1989-01-01,Norway,99.52873
2002-01-01,Poland,97.70787
2003-01-01,Chile,98.81723
1982-01-01,Portugal,101.7207
1973-01-01,Mexico,
1982-01-01,United States,99.9794
2013-01-01,Russia,102.7849
1960-01-01,Luxembourg,
1960-01-01,Australia,
1972-01-01,Luxembourg,
2012-01-01,Norway,100.4731
2010-01-01,Germany,94.56329
1991-01-01,Hungary,
1991-01-01,Denmark,100.0396
1965-01-01,United Kingdom,101.4818
2002-01-01,United Kingdom,100.6619
1969-01-01,Italy,99.07276
1973-01-01,Greece,
1973-01-01,Czech Republic,
1999-01-01,India,99.36444
2009-01-01,Estonia,103.923
1957-01-01,Sweden,
2005-01-01,South Africa,98.60741
2001-01-01,Portugal,100.8697
1966-01-01,South Africa,
1986-01-01,Sweden,100.1833
1996-01-01,India,100.8477
2012-01-01,Sweden,101.4649
1966-01-01,France,
1968-01-01,Brazil,
1976-01-01,Poland,
1968-01-01,Canada,98.83899
1969-01-01,United States,100.7305
1960-01-01,Italy,
1987-01-01,Germany,100.5025
2014-01-01,Israel,99.60767
1961-01-01,Switzerland,
2008-01-01,Spain,102.2306
2006-01-01,Sweden,99.87357
1974-01-01,South Africa,
1986-01-01,Spain,98.00751
1975-01-01,Norway,102.3825
1987-01-01,Luxembourg,
1997-01-01,Chile,
1972-01-01,Hungary,
1961-01-01,Czech Republic,
1987-01-01,Slovak Republic,
2009-01-01,Korea,100.2489
1994-01-01,Sweden,96.51176
1980-01-01,Australia,100.5279
2002-01-01,Turkey,97.70526
1977-01-01,Russia,
1979-01-01,Mexico,
1971-01-01,People's Republic of China.: Mainland,
1997-01-01,Belgium,99.05407
1983-01-01,Estonia,
1993-01-01,United Kingdom,99.27358
1969-01-01,Mexico,
1964-01-01,Australia,
2015-01-01,South Africa,100.3956
1995-01-01,Indonesia,
1995-01-01,Ireland,99.48854
1986-01-01,Australia,100.7163
2006-01-01,Turkey,101.9153
2015-01-01,France,99.63878
1956-01-01,Turkey,
1969-01-01,Indonesia,
1966-01-01,Mexico,
1992-01-01,Australia,97.50501
1990-01-01,Hungary,
1967-01-01,Spain,
2006-01-01,New Zealand,101.2287
1962-01-01,Australia,
1969-01-01,Czech Republic,
2013-01-01,Sweden,99.80215
1963-01-01,Spain,
2006-01-01,Greece,98.41885
1977-01-01,Germany,101.5463
1983-01-01,Korea,
2007-01-01,Brazil,99.22579
1982-01-01,Greece,98.231
1994-01-01,Estonia,
1982-01-01,New Zealand,
1975-01-01,Hungary,
1985-01-01,Germany,101.4271
1987-01-01,Japan,98.62803
2001-01-01,Japan,101.0711
2007-01-01,Luxembourg,100.5841
2014-01-01,Denmark,99.10616
2015-01-01,Greece,98.8597
2000-01-01,Finland,98.40871
1996-01-01,Austria,102.0117
1979-01-01,Germany,99.6062
2009-01-01,Portugal,102.4558
1981-01-01,Japan,101.6316
1986-01-01,United Kingdom,100.1251
1966-01-01,Norway,
1956-01-01,Norway,
1957-01-01,United Kingdom,
2001-01-01,Sweden,101.035
1966-01-01,Russia,
1983-01-01,Indonesia,
2011-01-01,Israel,99.11524
1999-01-01,Korea,95.43317
2005-01-01,Netherlands,99.55688
1984-01-01,People's Republic of China.: Mainland,
2006-01-01,United Kingdom,100.6678
1963-01-01,United States,101.2258
2008-01-01,Norway,101.8823
2010-01-01,Slovenia,95.17127
1970-01-01,Russia,
2008-01-01,Canada,100.3238
1986-01-01,Slovenia,
1962-01-01,Japan,101.6263
1970-01-01,South Africa,
2010-01-01,Japan,97.4343
2003-01-01,Mexico,99.79503
1984-01-01,Finland,
1959-01-01,Poland,
2012-01-01,Germany,102.6366
1975-01-01,Chile,
2001-01-01,Finland,103.6828
2008-01-01,Poland,102.1553
1988-01-01,Belgium,99.42525
1997-01-01,Luxembourg,99.34283
2007-01-01,Italy,99.938
1970-01-01,Italy,100.6996
1968-01-01,Czech Republic,
1981-01-01,Canada,100.2296
2013-01-01,Germany,99.70695
1967-01-01,Austria,100.4509
1979-01-01,United States,101.4367
1978-01-01,Japan,101.2849
2003-01-01,Czech Republic,99.6937
1965-01-01,Indonesia,
1995-01-01,France,99.29946
1986-01-01,New Zealand,
1973-01-01,Luxembourg,
1994-01-01,Israel,
1957-01-01,Russia,
2015-01-01,Sweden,99.32157
1960-01-01,Mexico,
1967-01-01,Germany,99.48321
1964-01-01,Israel,
1973-01-01,Estonia,
1967-01-01,Italy,98.64426
1999-01-01,Australia,100.529
2012-01-01,Portugal,102.4444
2009-01-01,Sweden,101.3063
1977-01-01,Spain,
1980-01-01,Greece,107.0713
1996-01-01,People's Republic of China.: Mainland,100.3652
1999-01-01,Israel,99.30381
1998-01-01,Slovenia,100.9269
1971-01-01,Israel,
1982-01-01,People's Republic of China.: Mainland,
1960-01-01,Czech Republic,
2001-01-01,Poland,99.84444
2003-01-01,Netherlands,99.06058
1971-01-01,Hungary,
2011-01-01,South Africa,98.31345
1990-01-01,Switzerland,101.3662
2006-01-01,France,99.88977
1960-01-01,Ireland,
1960-01-01,Indonesia,
1964-01-01,Slovak Republic,
1982-01-01,France,99.73111
2014-01-01,United States,99.9373
2007-01-01,Denmark,101.6726
2011-01-01,Czech Republic,98.64607
1999-01-01,Italy,100.7674
1968-01-01,Chile,
1973-01-01,Austria,99.21106
1963-01-01,Denmark,
2014-01-01,New Zealand,99.85905
2009-01-01,Belgium,100.9978
2013-01-01,Luxembourg,99.77433
1978-01-01,Luxembourg,
1973-01-01,Israel,
2008-01-01,France,101.3382
1992-01-01,South Africa,98.91541
1982-01-01,Netherlands,98.943
2010-01-01,United Kingdom,95.62033
2015-01-01,Germany,101.157
1958-01-01,Norway,
2011-01-01,Mexico,100.9339
1985-01-01,Portugal,98.1976
2015-01-01,New Zealand,101.4842
1995-01-01,Korea,100.7493
2008-01-01,Switzerland,102.4359
1959-01-01,Japan,
1991-01-01,Norway,100.6654
2005-01-01,Italy,99.68172
1965-01-01,Ireland,
2008-01-01,Chile,101.4133
1976-01-01,People's Republic of China.: Mainland,
1968-01-01,Russia,
1983-01-01,Turkey,
2012-01-01,Korea,100.8456
1978-01-01,Chile,
1957-01-01,Greece,
1989-01-01,Denmark,99.46652
1980-01-01,Switzerland,99.49066
1969-01-01,Luxembourg,
1998-01-01,Slovak Republic,103.9049
1982-01-01,Indonesia,
1968-01-01,Sweden,
2013-01-01,Korea,98.4656
1993-01-01,Spain,100.7105
1976-01-01,Norway,99.08427
1993-01-01,Belgium,100.4855
1957-01-01,People's Republic of China.: Mainland,
1991-01-01,Spain,102.1206
2011-01-01,Australia,100.0479
1976-01-01,Russia,
1987-01-01,Canada,100.6041
2013-01-01,United Kingdom,98.62365
1979-01-01,Slovenia,
2006-01-01,Switzerland,99.38972
2009-01-01,Austria,100.9687
1973-01-01,Netherlands,98.16678
2005-01-01,Korea,100.2339
2002-01-01,Slovenia,102.208
1976-01-01,Chile,
1985-01-01,Luxembourg,
2013-01-01,Brazil,100.208
2009-01-01,Brazil,103.9765
1969-01-01,Germany,99.67545
1986-01-01,Switzerland,100.5723
2012-01-01,Canada,100.8554
2015-01-01,Luxembourg,
1999-01-01,Denmark,100.9946
1998-01-01,Finland,100.8291
1983-01-01,Brazil,
1980-01-01,Indonesia,
1994-01-01,New Zealand,100.622
1983-01-01,Norway,99.46489
1966-01-01,Italy,95.80803
2007-01-01,Mexico,100.767
1964-01-01,South Africa,
2013-01-01,Canada,99.83609
1998-01-01,Spain,99.7739
1966-01-01,Indonesia,
1980-01-01,Austria,100.6279
2009-01-01,France,101.1331
1999-01-01,South Africa,99.83951
2004-01-01,Czech Republic,98.72194
1987-01-01,Austria,100.0746
1956-01-01,Portugal,
1979-01-01,Canada,100.9278
2011-01-01,Poland,99.44811
1969-01-01,India,
1978-01-01,Norway,100.3106
1995-01-01,Belgium,99.47472
1981-01-01,Australia,101.2138
1971-01-01,Portugal,
1998-01-01,Canada,100.379
1977-01-01,Korea,
2014-01-01,Greece,97.09109
1972-01-01,Finland,
1980-01-01,Netherlands,101.4812
1994-01-01,Russia,104.5258
1974-01-01,France,101.6507
1971-01-01,Chile,
1959-01-01,United States,97.05375
1974-01-01,Brazil,
2005-01-01,Portugal,98.70389
2001-01-01,Slovak Republic,97.6382
1981-01-01,Netherlands,101.7573
1992-01-01,Austria,101.255
1979-01-01,Netherlands,99.65556
1990-01-01,United States,100.5247
2002-01-01,Ireland,102.4281
1965-01-01,Denmark,
1959-01-01,South Africa,
1957-01-01,United States,101.9785
1957-01-01,Japan,
1976-01-01,Hungary,
1962-01-01,Denmark,
1972-01-01,Sweden,99.22013
2002-01-01,Korea,98.39714
1965-01-01,People's Republic of China.: Mainland,
1977-01-01,Brazil,
1992-01-01,Japan,100.6699
1977-01-01,Canada,100.4249
2004-01-01,Portugal,97.82211
1986-01-01,Netherlands,100.969
1985-01-01,Finland,
1970-01-01,Japan,99.85706
1989-01-01,Korea,
1969-01-01,Netherlands,99.38719
1972-01-01,Japan,97.94759
2012-01-01,Switzerland,102.3003
2013-01-01,Estonia,104.1522
1956-01-01,Korea,
2010-01-01,Russia,91.83397
1999-01-01,United States,100.8269
2012-01-01,Netherlands,101.7922
1994-01-01,Korea,97.78334
1972-01-01,Estonia,
1971-01-01,Slovenia,
1977-01-01,France,100.2894
1988-01-01,Slovenia,
2013-01-01,Switzerland,98.81486
2012-01-01,Estonia,104.9529
1971-01-01,Korea,
1964-01-01,Spain,
1999-01-01,Indonesia,99.41932
1987-01-01,Estonia,
1964-01-01,People's Republic of China.: Mainland,
1967-01-01,Denmark,
1971-01-01,Estonia,
1970-01-01,Mexico,
2005-01-01,Indonesia,101.3779
1994-01-01,United States,100.0433
1991-01-01,Israel,
1994-01-01,Japan,97.62435
2015-01-01,Finland,100.2367
1964-01-01,Chile,
1976-01-01,Switzerland,96.23719
1973-01-01,India,
1975-01-01,India,
1966-01-01,Denmark,
1961-01-01,Chile,
1956-01-01,Switzerland,
1963-01-01,Austria,
1992-01-01,Chile,
1958-01-01,Portugal,
1972-01-01,Israel,
1962-01-01,Italy,
1992-01-01,Korea,98.31839
1998-01-01,Belgium,99.85175
1967-01-01,Slovak Republic,
1981-01-01,Slovenia,
1980-01-01,Brazil,
1981-01-01,Poland,
1956-01-01,Russia,
1990-01-01,Finland,102.953
1988-01-01,People's Republic of China.: Mainland,
1965-01-01,Austria,100.2711
1976-01-01,Estonia,
1963-01-01,Germany,99.34647
1984-01-01,Spain,99.55023
1976-01-01,Indonesia,
2004-01-01,Finland,98.44951
2007-01-01,Turkey,101.3024
2002-01-01,Israel,101.6611
1982-01-01,Slovenia,
1985-01-01,New Zealand,
1990-01-01,People's Republic of China.: Mainland,
1956-01-01,Ireland,
1965-01-01,India,
1994-01-01,Portugal,97.0836
2006-01-01,Ireland,98.24411
2014-01-01,Austria,99.46173
1990-01-01,Ireland,102.4103
1992-01-01,Brazil,100.0882
1956-01-01,Greece,
2014-01-01,Finland,98.35338
2005-01-01,Sweden,98.46181
1999-01-01,Sweden,101.0344
2015-01-01,Netherlands,100.0269
1973-01-01,Hungary,
1991-01-01,Slovenia,
1986-01-01,Brazil,
2011-01-01,Portugal,100.259
1965-01-01,Russia,
2002-01-01,Russia,101.8845
1957-01-01,Finland,
1964-01-01,Austria,
2014-01-01,Italy,98.11436
2008-01-01,Ireland,104.361
1997-01-01,Czech Republic,101.0959
1991-01-01,Czech Republic,
1956-01-01,Belgium,
1959-01-01,Finland,
1972-01-01,Portugal,
1994-01-01,Belgium,98.48482
1979-01-01,People's Republic of China.: Mainland,
1993-01-01,Russia,
1959-01-01,Austria,
1958-01-01,Czech Republic,
2009-01-01,New Zealand,99.95815
1983-01-01,Portugal,101.295
1961-01-01,Norway,
1996-01-01,Mexico,93.46236
1997-01-01,Turkey,101.674
1992-01-01,Portugal,100.1799
2005-01-01,Slovenia,98.46925
1993-01-01,Germany,100.1552
2012-01-01,New Zealand,98.79688
1985-01-01,South Africa,100.9027
2002-01-01,Netherlands,101.1301
1956-01-01,Slovenia,
1957-01-01,Portugal,
1968-01-01,Belgium,98.62674
1957-01-01,South Africa,
1973-01-01,Poland,
2014-01-01,Russia,99.58714
2004-01-01,Slovenia,99.50902
2009-01-01,Mexico,100.1503
1989-01-01,Australia,100.5244
1970-01-01,Slovak Republic,
1981-01-01,Turkey,
1980-01-01,New Zealand,
1977-01-01,South Africa,101.3338
1996-01-01,Belgium,101.2974
1983-01-01,Luxembourg,
1970-01-01,Czech Republic,
1986-01-01,Estonia,
1969-01-01,Poland,
2008-01-01,Luxembourg,101.424
1959-01-01,Canada,98.32745
1989-01-01,Canada,101.7453
1957-01-01,Israel,
1981-01-01,Finland,
2010-01-01,Belgium,97.05358
2015-01-01,Italy,100.1533
1971-01-01,Ireland,
1992-01-01,India,
1963-01-01,Sweden,
1997-01-01,Norway,99.94938
1958-01-01,Sweden,
2001-01-01,People's Republic of China.: Mainland,100.0271
1963-01-01,India,
1990-01-01,Czech Republic,
1974-01-01,Mexico,
1963-01-01,Australia,
1975-01-01,Germany,99.26693
2001-01-01,New Zealand,101.1442
1966-01-01,Switzerland,
2001-01-01,Denmark,100.5703
1979-01-01,Sweden,99.28842
1998-01-01,Norway,101.0318
1959-01-01,Chile,
1968-01-01,Australia,100.0122
1978-01-01,Austria,99.70594
1959-01-01,Korea,
2008-01-01,United Kingdom,101.1224
2011-01-01,Denmark,99.67784
1970-01-01,Chile,
1965-01-01,South Africa,
1962-01-01,Greece,
2002-01-01,South Africa,100.3208
1967-01-01,Australia,
1976-01-01,Brazil,
2007-01-01,Netherlands,100.5768
1999-01-01,Finland,100.8399
1957-01-01,Spain,
1981-01-01,Switzerland,102.4516
2002-01-01,Japan,100.5922
1990-01-01,Estonia,
1965-01-01,Japan,99.6418
2010-01-01,Austria,97.24315
1984-01-01,Estonia,
2008-01-01,Czech Republic,103.2729
2003-01-01,Belgium,99.11239
1969-01-01,Hungary,
1965-01-01,Poland,
1989-01-01,India,
1986-01-01,Israel,
1992-01-01,Denmark,99.35153
1964-01-01,Hungary,
1983-01-01,Canada,96.64432
1991-01-01,Sweden,101.0089
2009-01-01,Poland,100.2085
1962-01-01,Switzerland,
1964-01-01,India,
1991-01-01,Netherlands,100.7551
2001-01-01,France,101.3856
1984-01-01,Czech Republic,
2001-01-01,Israel,102.753
1975-01-01,Korea,
2012-01-01,Italy,101.8633
2002-01-01,Greece,98.90951
1974-01-01,Italy,101.7617
1974-01-01,United Kingdom,103.1332
1996-01-01,Sweden,100.462
1999-01-01,Slovak Republic,101.2013
2008-01-01,Belgium,101.1014
1998-01-01,New Zealand,99.92145
2011-01-01,Korea,102.8868
1977-01-01,United States,99.97092
1959-01-01,Belgium,
1988-01-01,Israel,
1964-01-01,Poland,
2014-01-01,Portugal,97.14989
1990-01-01,Chile,
2010-01-01,New Zealand,98.16938
1964-01-01,United States,99.75488
2015-01-01,Turkey,100.0639
1959-01-01,Portugal,
2009-01-01,Ireland,104.4277
1969-01-01,Norway,
1972-01-01,Austria,100.2143
1989-01-01,Poland,
1993-01-01,South Africa,98.9713
1983-01-01,Finland,
1964-01-01,Italy,100.8445
2000-01-01,Hungary,99.19395
1985-01-01,Japan,99.85759
1977-01-01,Turkey,
1967-01-01,India,
2000-01-01,Israel,98.57277
1961-01-01,Indonesia,
1989-01-01,Slovak Republic,
1962-01-01,Chile,
1963-01-01,Italy,
1976-01-01,Greece,96.08371
1979-01-01,France,99.78509
2014-01-01,India,99.3985
1995-01-01,Brazil,100.5756
1966-01-01,Australia,
1998-01-01,United States,99.87403
1993-01-01,Slovenia,
1976-01-01,Slovak Republic,
1962-01-01,Spain,
1960-01-01,Sweden,
2001-01-01,South Africa,100.6323
1957-01-01,Germany,
1956-01-01,New Zealand,
2008-01-01,Australia,100.6043
1959-01-01,India,
1975-01-01,Czech Republic,
1971-01-01,South Africa,
1981-01-01,Chile,
2015-01-01,Norway,101.3068
1969-01-01,People's Republic of China.: Mainland,
2011-01-01,Hungary,99.70947
1975-01-01,Ireland,
1988-01-01,South Africa,100.3564
1960-01-01,Hungary,
2004-01-01,United States,97.82731
1991-01-01,Estonia,
1963-01-01,Slovak Republic,
1972-01-01,Korea,
1989-01-01,Turkey,111.4623
1986-01-01,South Africa,97.42133
1987-01-01,Korea,
1984-01-01,Ireland,97.41766
1964-01-01,Denmark,
1994-01-01,Turkey,101.7984
2009-01-01,Luxembourg,101.1495
1977-01-01,Chile,
1996-01-01,New Zealand,101.174
1956-01-01,Hungary,
1973-01-01,Italy,99.08139
1983-01-01,Mexico,102.6622
1971-01-01,Turkey,
2012-01-01,Mexico,100.2146
2004-01-01,Norway,97.66704
1980-01-01,Poland,
1961-01-01,People's Republic of China.: Mainland,
2005-01-01,Greece,101.5475
1974-01-01,Switzerland,102.3877
1983-01-01,Russia,
1999-01-01,France,99.86374
1974-01-01,Slovenia,
1998-01-01,Estonia,96.06039
1993-01-01,Chile,
1956-01-01,Sweden,
2014-01-01,Slovak Republic,98.08238
1983-01-01,Czech Republic,
1987-01-01,Italy,99.48814
1987-01-01,Brazil,
2010-01-01,Estonia,88.236
2012-01-01,Czech Republic,101.8679
1960-01-01,New Zealand,
2011-01-01,Austria,99.65329
1997-01-01,Brazil,99.13274
1993-01-01,Netherlands,100.0273
1992-01-01,Turkey,96.52356
1983-01-01,France,100.6225
2004-01-01,Spain,98.93745
1962-01-01,Turkey,
2014-01-01,Canada,99.54144
2002-01-01,Austria,100.8337
2008-01-01,South Africa,102.5252
1965-01-01,Australia,
1989-01-01,Hungary,
2003-01-01,Hungary,97.80796
1992-01-01,Belgium,99.89302
1970-01-01,India,
2007-01-01,Korea,101.3412
1983-01-01,Australia,99.6981
1988-01-01,Germany,98.88696
1962-01-01,Russia,
1980-01-01,Korea,
1957-01-01,Italy,
1971-01-01,France,
1963-01-01,Chile,
1962-01-01,India,
2001-01-01,United States,101.2846
1982-01-01,Norway,100.7597
2000-01-01,Greece,99.11919
1979-01-01,Hungary,
2012-01-01,Denmark,100.7745
1989-01-01,Israel,
1976-01-01,Ireland,
2004-01-01,Hungary,97.64317
1966-01-01,United Kingdom,100.3657
2000-01-01,New Zealand,100.1166
2003-01-01,Brazil,99.05087
1986-01-01,Greece,101.938
1958-01-01,Hungary,
1977-01-01,Japan,99.67896
1965-01-01,Luxembourg,
2006-01-01,Norway,100.5758
1981-01-01,India,
1989-01-01,United Kingdom,102.4257
1987-01-01,Belgium,100.1784
2015-01-01,Portugal,100.5607
2009-01-01,Finland,99.81721
1992-01-01,United Kingdom,97.72453
1961-01-01,Belgium,
1973-01-01,Japan,98.23802
2002-01-01,France,101.8576
1995-01-01,Sweden,102.4264
1966-01-01,Poland,
1975-01-01,Canada,101.6591
1997-01-01,Korea,101.879
2006-01-01,Netherlands,99.77161
2000-01-01,Portugal,100.5152
1966-01-01,Israel,
2011-01-01,Norway,98.51133
1998-01-01,Switzerland,98.17833
1992-01-01,Canada,97.05397
1974-01-01,Canada,102.9835
2009-01-01,People's Republic of China.: Mainland,102.0294
1957-01-01,Switzerland,
1988-01-01,Sweden,101.655
1960-01-01,Greece,
1994-01-01,Indonesia,
1999-01-01,Poland,100.3171
1984-01-01,Austria,98.21566
2000-01-01,Slovenia,97.34346
2002-01-01,Mexico,98.99837
1991-01-01,Switzerland,101.8998
1960-01-01,Norway,
1996-01-01,Denmark,101.1278
1980-01-01,Canada,101.6865
1984-01-01,Israel,
1961-01-01,Sweden,
1968-01-01,Spain,
2008-01-01,Slovak Republic,102.618
1982-01-01,Denmark,97.76546
1970-01-01,Switzerland,101.6344
1966-01-01,Turkey,
1975-01-01,Spain,
2011-01-01,Spain,99.90489
2001-01-01,Chile,101.247
2003-01-01,Ireland,100.5073
2013-01-01,Hungary,100.23
1966-01-01,Germany,101.0955
2007-01-01,Greece,98.95615
1971-01-01,Denmark,100.5018
1963-01-01,New Zealand,
1995-01-01,Greece,97.12782
1995-01-01,Chile,
2006-01-01,Austria,100.1148
2007-01-01,New Zealand,99.8841
1981-01-01,Indonesia,
1963-01-01,Norway,
1976-01-01,Netherlands,97.52569
1988-01-01,Spain,99.88403
1987-01-01,Denmark,101.9106
1962-01-01,Hungary,
1964-01-01,Turkey,
1994-01-01,Netherlands,98.26546
2001-01-01,Estonia,98.96233
2014-01-01,Japan,99.49236
1968-01-01,Norway,
1998-01-01,India,100.3662
1994-01-01,Switzerland,97.54073
2015-01-01,Czech Republic,100.2515
1987-01-01,United States,100.0158
1957-01-01,Indonesia,
2000-01-01,Czech Republic,97.73538
1959-01-01,Turkey,
1991-01-01,Ireland,101.7516
1997-01-01,Ireland,98.96265
2005-01-01,Ireland,96.62103
2000-01-01,Chile,97.94227
1991-01-01,People's Republic of China.: Mainland,
1962-01-01,Israel,
1991-01-01,Chile,
1993-01-01,Estonia,
1973-01-01,Denmark,99.38213
1970-01-01,Indonesia,
1976-01-01,Canada,96.83183
2006-01-01,Hungary,99.6739
1997-01-01,Greece,99.32307
1959-01-01,Greece,
1988-01-01,Slovak Republic,
1999-01-01,Netherlands,100.9408
1996-01-01,Italy,102.2585
1956-01-01,Czech Republic,
1966-01-01,Czech Republic,
1972-01-01,Slovak Republic,
1977-01-01,Australia,99.45929
1982-01-01,Spain,99.25278
2003-01-01,Turkey,97.53987
2005-01-01,Mexico,101.273
1981-01-01,Israel,
2007-01-01,Spain,101.2652
1964-01-01,Norway,
1957-01-01,Netherlands,
1997-01-01,Slovenia,98.78442
2006-01-01,South Africa,100.2291
2012-01-01,Hungary,101.9872
1971-01-01,Japan,100.6472
1999-01-01,Norway,101.0974
1988-01-01,France,99.86506
1974-01-01,Portugal,
1994-01-01,Finland,96.88672
2009-01-01,South Africa,101.4232
2007-01-01,Ireland,101.8399
1970-01-01,Canada,101.4726
1973-01-01,Indonesia,
1978-01-01,People's Republic of China.: Mainland,
1958-01-01,Canada,99.47832
1989-01-01,Czech Republic,
1975-01-01,Slovenia,
2011-01-01,Germany,100.1589
2007-01-01,South Africa,101.7115
2002-01-01,Canada,99.27865
1969-01-01,Australia,99.83945
2015-01-01,Korea,99.7276
1976-01-01,Spain,
1970-01-01,Austria,100.2837
1978-01-01,India,
2007-01-01,Slovak Republic,100.5939
1992-01-01,New Zealand,96.87335
1996-01-01,Ireland,99.43993
2010-01-01,Czech Republic,94.65329
1986-01-01,Italy,99.56718
1991-01-01,Austria,101.9927
1981-01-01,Austria,101.8748
1981-01-01,France,100.6601
1996-01-01,Korea,102.2134
1984-01-01,Switzerland,97.34343
1981-01-01,Belgium,101.2778
2007-01-01,Slovenia,100.6877
1957-01-01,Austria,
1960-01-01,Brazil,
1994-01-01,Canada,99.5681
2014-01-01,Norway,100.2547
1980-01-01,People's Republic of China.: Mainland,
1979-01-01,Denmark,99.95402
1958-01-01,People's Republic of China.: Mainland,
2003-01-01,Japan,98.58047
1998-01-01,Germany,100.2392
1991-01-01,Italy,101.3726
1992-01-01,Italy,99.81926
1970-01-01,Luxembourg,
2013-01-01,Australia,99.61664
1958-01-01,Denmark,
1962-01-01,Canada,99.16902
2010-01-01,Italy,97.49706
1974-01-01,Indonesia,
1969-01-01,Denmark,
1999-01-01,Greece,100.3544
1987-01-01,New Zealand,96.81314
1962-01-01,Belgium,
2010-01-01,France,97.53072
1958-01-01,Chile,
2015-01-01,Poland,100.1361
1979-01-01,Finland,
2014-01-01,Indonesia,101.2282
1974-01-01,Chile,
1961-01-01,Slovenia,
1981-01-01,Denmark,99.53951
1999-01-01,Brazil,99.43257
1957-01-01,Luxembourg,
2008-01-01,Indonesia,99.8642
1985-01-01,Italy,99.02016
1984-01-01,Denmark,98.13673
1995-01-01,South Africa,99.19704
1986-01-01,Russia,
2001-01-01,Turkey,103.8772
1988-01-01,Czech Republic,
1987-01-01,Turkey,
1988-01-01,Estonia,
1959-01-01,Slovak Republic,
2004-01-01,France,98.66497
2004-01-01,Slovak Republic,98.22499
2002-01-01,Slovak Republic,98.51877
2003-01-01,Italy,99.60305
1980-01-01,France,100.7536
2007-01-01,Estonia,104.7428
2011-01-01,Japan,99.24686
1957-01-01,New Zealand,
1985-01-01,Poland,
2009-01-01,Indonesia,100.3301
1958-01-01,Poland,
1970-01-01,People's Republic of China.: Mainland,
2003-01-01,Slovak Republic,100.628
1993-01-01,Brazil,98.39152
2011-01-01,Estonia,94.86208
1973-01-01,Norway,
1975-01-01,Estonia,
1966-01-01,Estonia,
2006-01-01,Poland,99.99315
1958-01-01,Israel,
2001-01-01,India,102.516
2002-01-01,Switzerland,101.9309
2001-01-01,Russia,103.6235
1990-01-01,Denmark,99.50695
2006-01-01,Japan,100.6738
1977-01-01,New Zealand,
1958-01-01,Austria,
1983-01-01,Greece,98.67217
1994-01-01,Luxembourg,97.74937
1980-01-01,Russia,
1964-01-01,Indonesia,
2015-01-01,Estonia,99.42879
1972-01-01,Belgium,99.43044
1980-01-01,India,
2015-01-01,Slovak Republic,99.97796
1986-01-01,Japan,99.24886
1996-01-01,United States,100.4252
1978-01-01,South Africa,97.53993
1962-01-01,South Africa,
1998-01-01,Chile,101.6829
1982-01-01,Japan,99.17676
1996-01-01,Germany,102.3585
1989-01-01,Indonesia,
1979-01-01,Portugal,100.0551
1978-01-01,Sweden,99.83115
2008-01-01,Sweden,101.9752
2010-01-01,Korea,97.10298
1979-01-01,Israel,
1987-01-01,United Kingdom,99.45397
1968-01-01,Hungary,
2000-01-01,India,99.65182
1964-01-01,Germany,98.4359
2005-01-01,Russia,99.90296
1980-01-01,Turkey,
1978-01-01,Slovenia,
1971-01-01,Germany,101.0359
1982-01-01,Australia,101.5895
1960-01-01,Slovenia,
1977-01-01,Estonia,
1996-01-01,Australia,100.8287
1960-01-01,Denmark,
1965-01-01,New Zealand,
1987-01-01,Poland,
2013-01-01,Israel,100.981
2014-01-01,France,99.09244
1989-01-01,Belgium,100.0436
1997-01-01,New Zealand,100.41
1990-01-01,Poland,
1985-01-01,Denmark,102.1026
2006-01-01,Australia,100.2781
1976-01-01,Germany,97.14967
1994-01-01,Hungary,97.46449
1963-01-01,Indonesia,
1968-01-01,Ireland,
1985-01-01,Spain,98.5947
2012-01-01,Israel,100.6265
1985-01-01,Switzerland,100.6533
1993-01-01,Italy,100.0958
1982-01-01,Korea,
1969-01-01,Slovak Republic,
1964-01-01,Portugal,
1993-01-01,Japan,98.77673
2014-01-01,Estonia,98.23344
1997-01-01,Mexico,101.0054
2000-01-01,Poland,100.1661
2003-01-01,Slovenia,99.70712
1975-01-01,Israel,
1984-01-01,Germany,98.78658
2004-01-01,Japan,99.24236
2013-01-01,Greece,96.84246
1972-01-01,Indonesia,
2005-01-01,Austria,100.3231
1957-01-01,India,
1963-01-01,Finland,
2002-01-01,Estonia,99.54082
2011-01-01,United Kingdom,102.1314
1968-01-01,Poland,
1979-01-01,Korea,
2012-01-01,Slovak Republic,99.86001
1982-01-01,Austria,99.71888
1964-01-01,Luxembourg,
1982-01-01,Belgium,98.27244
1968-01-01,Finland,
2006-01-01,Finland,100.7852
2005-01-01,Germany,100.5345
1960-01-01,India,
1999-01-01,Germany,101.3736
2005-01-01,United States,100.6168
1958-01-01,France,
2005-01-01,Japan,100.494
2011-01-01,Ireland,96.28551
2002-01-01,Hungary,101.0263
1972-01-01,Switzerland,100.1618
1997-01-01,Sweden,98.69518
2010-01-01,Australia,98.72282
1962-01-01,United States,98.40375
2011-01-01,People's Republic of China.: Mainland,101.409
1966-01-01,Korea,
1978-01-01,Korea,
1989-01-01,Spain,100.4217
1979-01-01,Ireland,101.6227
1993-01-01,Portugal,100.018
1961-01-01,Japan,100.5843
2013-01-01,Japan,99.91328
2003-01-01,Australia,100.3357
2005-01-01,Poland,102.2256
2001-01-01,Netherlands,101.1585
1971-01-01,Spain,
1964-01-01,Korea,
1975-01-01,Netherlands,101.894
2011-01-01,Netherlands,99.40756
1974-01-01,United States,103.4092
2011-01-01,Slovenia,98.9854
1990-01-01,Luxembourg,100.815
2005-01-01,Chile,99.33759
1957-01-01,Mexico,
1999-01-01,Switzerland,101.638
1978-01-01,Indonesia,
1989-01-01,Sweden,101.0299
1992-01-01,Finland,96.3965
1976-01-01,Sweden,100.8867
1969-01-01,Japan,99.47432
1974-01-01,Slovak Republic,
2006-01-01,United States,100.4734
1999-01-01,Spain,101.0187
1999-01-01,Mexico,102.0157
2008-01-01,Slovenia,104.6444
1965-01-01,Slovenia,
1969-01-01,Canada,100.0857
1984-01-01,Korea,
2007-01-01,Finland,101.0308
1971-01-01,Slovak Republic,
2001-01-01,Hungary,101.5847
2013-01-01,South Africa,100.2743
1964-01-01,Canada,99.63534
1957-01-01,France,
1960-01-01,Chile,
1996-01-01,Poland,101.0552
1987-01-01,Czech Republic,
2015-01-01,Australia,99.58762
1983-01-01,India,
2002-01-01,Chile,98.94924
2012-01-01,Russia,102.4379
1998-01-01,Luxembourg,100.0363
2003-01-01,Korea,100.2181
2000-01-01,Belgium,99.40234
1983-01-01,Ireland,98.19818
2012-01-01,South Africa,100.246
1963-01-01,Luxembourg,
2007-01-01,Indonesia,97.38405
2000-01-01,Australia,100.2208
1996-01-01,Slovak Republic,99.89488
1970-01-01,Germany,102.4966
1978-01-01,Denmark,100.0537
2002-01-01,New Zealand,99.31371
1957-01-01,Slovak Republic,
1966-01-01,Finland,
1996-01-01,South Africa,102.6674
1984-01-01,Canada,97.74426
1985-01-01,Turkey,
1993-01-01,Ireland,100.2797
2009-01-01,Slovak Republic,104.1376
1998-01-01,Greece,100.2264
1980-01-01,Chile,
1976-01-01,Belgium,96.34569
1969-01-01,Russia,
2011-01-01,Italy,99.93749
1980-01-01,United States,101.4296
1994-01-01,Poland,99.23556
1969-01-01,South Africa,
2008-01-01,Finland,101.8229
1965-01-01,Canada,100.8788
1961-01-01,Brazil,
1983-01-01,People's Republic of China.: Mainland,
2008-01-01,Israel,101.1398
1971-01-01,United Kingdom,97.70924
1990-01-01,Sweden,102.3768
1964-01-01,Finland,
1965-01-01,Brazil,
2003-01-01,Canada,99.61224
1969-01-01,United Kingdom,100.4948
1994-01-01,France,98.50076
1988-01-01,United Kingdom,99.95582
1961-01-01,Ireland,
1963-01-01,Korea,
1985-01-01,Russia,
1985-01-01,Estonia,
1996-01-01,Turkey,100.6389
2003-01-01,France,99.2614
2003-01-01,Greece,98.44505
1998-01-01,Japan,101.9464
1979-01-01,Estonia,
1962-01-01,Mexico,
1988-01-01,Ireland,98.93702
2001-01-01,Luxembourg,101.3493
1976-01-01,Australia,96.89615
1976-01-01,Luxembourg,
1975-01-01,South Africa,
1965-01-01,Spain,
1989-01-01,New Zealand,99.27553
1961-01-01,South Africa,
1958-01-01,Mexico,
1960-01-01,Canada,102.1888
1969-01-01,Chile,
1999-01-01,Slovenia,101.0696
1965-01-01,Finland,
1977-01-01,Luxembourg,
2003-01-01,Austria,99.04128
1997-01-01,Estonia,
1967-01-01,Czech Republic,
1977-01-01,Sweden,100.1008
1993-01-01,New Zealand,98.71723
1991-01-01,United States,99.75749
1959-01-01,Denmark,
1988-01-01,Chile,
2008-01-01,Estonia,109.0581
1992-01-01,Hungary,
2008-01-01,Netherlands,101.9349
1978-01-01,Belgium,99.57715
1964-01-01,Switzerland,
1964-01-01,Netherlands,98.8555
1990-01-01,Greece,103.1619
1967-01-01,Mexico,
2000-01-01,Canada,98.97762
1995-01-01,Canada,100.8836
2001-01-01,Korea,104.8176
1996-01-01,Czech Republic,
1961-01-01,Greece,
1988-01-01,Turkey,
1983-01-01,Spain,99.21561
1978-01-01,Finland,
2014-01-01,Switzerland,100.1886
1967-01-01,People's Republic of China.: Mainland,
2012-01-01,People's Republic of China.: Mainland,100.6871
1996-01-01,Hungary,99.85763
1960-01-01,Finland,
1978-01-01,Greece,100.1323
1957-01-01,Hungary,
2013-01-01,Chile,100.3252
1973-01-01,Australia,97.98101
2014-01-01,Slovenia,97.56679
2005-01-01,New Zealand,101.5589
1986-01-01,Chile,
2005-01-01,Finland,101.0768
1966-01-01,Sweden,
1991-01-01,Turkey,102.7623
1996-01-01,Greece,99.37943
1994-01-01,Greece,99.73648
1965-01-01,Switzerland,
1978-01-01,Ireland,
2007-01-01,Germany,100.7413
2013-01-01,Slovenia,100.6948
1990-01-01,France,101.6412
1980-01-01,Mexico,
1996-01-01,Israel,
1973-01-01,Slovenia,
1977-01-01,Finland,
1984-01-01,Netherlands,98.48464
1983-01-01,Italy,100.295
1992-01-01,Estonia,
2015-01-01,Hungary,98.91817
1969-01-01,Portugal,
1963-01-01,Switzerland,
1995-01-01,New Zealand,101.9814
2005-01-01,Denmark,98.68705
1978-01-01,Russia,
1978-01-01,New Zealand,
2005-01-01,France,99.03185
1968-01-01,Austria,98.44125
1971-01-01,Australia,101.1949
1990-01-01,Mexico,102.1746
1969-01-01,Austria,98.14236
1976-01-01,Finland,
2009-01-01,Australia,100.7628
1968-01-01,Indonesia,
1979-01-01,New Zealand,
1971-01-01,Belgium,100.4876
2006-01-01,Canada,100.1502
2002-01-01,Czech Republic,101.7001
2003-01-01,Indonesia,99.53402
1983-01-01,Chile,
1982-01-01,India,
1983-01-01,Belgium,99.83739
1995-01-01,Finland,101.4134
2005-01-01,Slovak Republic,97.38774
1982-01-01,Russia,
1963-01-01,People's Republic of China.: Mainland,
1990-01-01,India,
1981-01-01,Sweden,101.4944
2006-01-01,Russia,99.33601
2012-01-01,Austria,102.0084
1989-01-01,France,100.1628
1980-01-01,Spain,99.5413
1993-01-01,Slovak Republic,
1974-01-01,Poland,
1999-01-01,Czech Republic,99.54414
2004-01-01,Estonia,99.30321
1997-01-01,Italy,101.0104
1966-01-01,Greece,
2009-01-01,Czech Republic,102.3172
1981-01-01,Russia,
1961-01-01,Austria,
2014-01-01,Poland,99.10532
1975-01-01,Sweden,102.5932
2004-01-01,Germany,99.29623
1984-01-01,Japan,99.69465
2005-01-01,Israel,99.37572
2002-01-01,Belgium,101.0349
1994-01-01,Norway,98.65142
1974-01-01,Australia,102.1124
1962-01-01,Korea,
1967-01-01,Sweden,
1997-01-01,Austria,99.07964
1958-01-01,Turkey,
1975-01-01,Russia,
2007-01-01,Japan,101.3011
1995-01-01,Russia,97.78592
2004-01-01,Poland,100.7838
2009-01-01,Netherlands,101.9159
2011-01-01,Switzerland,100.3161
1990-01-01,United Kingdom,101.4864
2010-01-01,Denmark,96.78975
1966-01-01,New Zealand,
1985-01-01,Indonesia,
1978-01-01,Slovak Republic,
1968-01-01,People's Republic of China.: Mainland,
1972-01-01,Norway,
1985-01-01,Czech Republic,
1972-01-01,Brazil,
1957-01-01,Slovenia,
2006-01-01,Indonesia,103.8629
1958-01-01,India,
2002-01-01,United States,99.0536
1956-01-01,Mexico,
1958-01-01,Russia,
1992-01-01,Norway,100.6997
1957-01-01,Poland,
1994-01-01,People's Republic of China.: Mainland,100.3253
1962-01-01,Luxembourg,
1992-01-01,Slovak Republic,
2001-01-01,Mexico,100.6355
1993-01-01,Luxembourg,100.3098
2008-01-01,Portugal,102.7508
1994-01-01,Denmark,97.8505
1992-01-01,Ireland,98.94473
1976-01-01,Slovenia,
1989-01-01,Japan,101.937
1963-01-01,Ireland,
1984-01-01,Russia,
1985-01-01,Belgium,100.352
1979-01-01,Norway,98.4889
1960-01-01,United Kingdom,100.3336
1989-01-01,Netherlands,99.39514
2010-01-01,Hungary,96.26077
1962-01-01,Portugal,
1985-01-01,Australia,101.0528
1975-01-01,Slovak Republic,
1956-01-01,Italy,
1986-01-01,Austria,100.278
2000-01-01,Spain,101.4142
1976-01-01,South Africa,
1959-01-01,Italy,
1992-01-01,Mexico,99.37005
1982-01-01,Israel,
1993-01-01,People's Republic of China.: Mainland,96.58705
1987-01-01,Indonesia,
2013-01-01,India,100.2025
1993-01-01,Korea,97.6945
2006-01-01,Portugal,99.08003
1961-01-01,Australia,
1982-01-01,Switzerland,100.4556
1984-01-01,Turkey,
1986-01-01,Hungary,
1998-01-01,People's Republic of China.: Mainland,103.1706
1963-01-01,Poland,
2012-01-01,Finland,103.3994
1989-01-01,Ireland,99.59157
1979-01-01,United Kingdom,101.7042
2005-01-01,Belgium,100.0102
2001-01-01,Canada,100.4134
2007-01-01,Belgium,100.33
2005-01-01,Australia,99.82877
2007-01-01,Hungary,100.8196
1981-01-01,Korea,
2012-01-01,Belgium,102.0512
2013-01-01,Poland,100.0316
1967-01-01,United Kingdom,99.85731
1968-01-01,New Zealand,
1981-01-01,Mexico,
1972-01-01,Poland,
1996-01-01,Russia,98.13084
2008-01-01,Germany,101.7548
1968-01-01,Greece,
1985-01-01,Korea,
2013-01-01,Belgium,99.70209
2012-01-01,Poland,100.2765
1995-01-01,Portugal,98.05356
1960-01-01,Turkey,
1990-01-01,Australia,102.2583
2007-01-01,Norway,101.3905
2010-01-01,Indonesia,96.31721
1999-01-01,Ireland,101.2575
1995-01-01,United States,100.2389
2010-01-01,Greece,99.6394
2015-01-01,Chile,99.79798
2004-01-01,Brazil,98.60748
1976-01-01,Italy,96.91782
1992-01-01,Greece,98.32029
1978-01-01,Mexico,
1971-01-01,Finland,
1973-01-01,Switzerland,98.11579
1979-01-01,Belgium,99.91892
1977-01-01,Hungary,
2000-01-01,Denmark,98.73208
1969-01-01,Estonia,
1977-01-01,Belgium,100.8484
1982-01-01,Brazil,
1963-01-01,Turkey,
1970-01-01,Estonia,
1995-01-01,India,
2014-01-01,Brazil,100.6866
1998-01-01,Poland,100.8586
1985-01-01,Canada,101.1843
2003-01-01,United States,98.54822
1981-01-01,Estonia,
1986-01-01,Finland,
2005-01-01,Canada,100.5273
1997-01-01,France,99.03006
1958-01-01,Netherlands,
2003-01-01,Israel,99.31937
1967-01-01,Korea,
1991-01-01,Japan,101.6064
1959-01-01,Norway,
2015-01-01,Brazil,98.47989
2001-01-01,Greece,100.2766
1987-01-01,Greece,98.36192
1971-01-01,Brazil,
1962-01-01,France,
1958-01-01,Belgium,
1989-01-01,Chile,
2014-01-01,Spain,98.1571
1977-01-01,Poland,
1997-01-01,Russia,98.1211
1958-01-01,Australia,
1978-01-01,Poland,
2013-01-01,Denmark,99.25425
1961-01-01,Netherlands,
2005-01-01,Hungary,100.1723
1980-01-01,United Kingdom,101.6497
1993-01-01,Indonesia,
2010-01-01,Sweden,96.16335
1983-01-01,Denmark,98.24754
1967-01-01,United States,101.617
2004-01-01,Ireland,97.53147
2003-01-01,Norway,99.45137
1992-01-01,Sweden,98.2093
1989-01-01,United States,100.3626
2007-01-01,Switzerland,100.7856
1998-01-01,Russia,101.1969
1978-01-01,United Kingdom,99.13593
1967-01-01,Slovenia,
1988-01-01,Korea,
2009-01-01,United States,101.3367
1996-01-01,Indonesia,101.5201
2006-01-01,Luxembourg,100.1367
1959-01-01,Mexico,
1993-01-01,Finland,96.70681
1973-01-01,South Africa,
1990-01-01,Canada,100.7088
1968-01-01,Slovak Republic,
1997-01-01,Netherlands,99.45079
1987-01-01,South Africa,98.79552
1973-01-01,Sweden,98.66442
1991-01-01,Korea,
1987-01-01,India,
1969-01-01,Switzerland,98.95704
2004-01-01,Netherlands,98.87735
1959-01-01,New Zealand,
1968-01-01,Switzerland,
1985-01-01,Slovak Republic,
1969-01-01,Finland,
1987-01-01,Sweden,99.57169
1993-01-01,Mexico,99.95065
1971-01-01,Luxembourg,
1960-01-01,Slovak Republic,
2012-01-01,United States,100.0918
1996-01-01,Switzerland,101.6873
1968-01-01,Israel,
1970-01-01,Sweden,
2004-01-01,Australia,100.0343
2009-01-01,Germany,101.3596
1976-01-01,Israel,
2000-01-01,France,100.2523
1967-01-01,Greece,
1977-01-01,Slovenia,
1973-01-01,Chile,
2002-01-01,Portugal,102.4271
1961-01-01,Slovak Republic,
1999-01-01,Belgium,100.8907
1977-01-01,Denmark,103.2181
1986-01-01,Luxembourg,
1962-01-01,Norway,
2001-01-01,United Kingdom,101.005
2015-01-01,United States,100.5871
1965-01-01,Czech Republic,
1990-01-01,Portugal,100.5526
1992-01-01,Luxembourg,100.4235
1989-01-01,Portugal,100.9946
1959-01-01,France,
1958-01-01,Luxembourg,
2014-01-01,Germany,99.03027
1962-01-01,Ireland,
1956-01-01,Estonia,
1979-01-01,Greece,103.201
1962-01-01,Estonia,
1995-01-01,Estonia,
2011-01-01,Belgium,100.1993
1957-01-01,Ireland,
1981-01-01,Norway,103.6377
1974-01-01,Germany,102.3814
1978-01-01,Turkey,
1990-01-01,Slovak Republic,
1991-01-01,Germany,100.8494
2007-01-01,United Kingdom,99.9645
1959-01-01,Hungary,
1959-01-01,Germany,
2009-01-01,Chile,100.9278
1989-01-01,Greece,101.3861
2010-01-01,Finland,94.72842
2007-01-01,Poland,100.7883
2000-01-01,United Kingdom,98.63358
1996-01-01,Spain,99.92224
1999-01-01,Austria,100.5892
1984-01-01,Poland,
1972-01-01,Ireland,
1963-01-01,Israel,
2003-01-01,Switzerland,98.00694
2013-01-01,New Zealand,99.67083
2002-01-01,Denmark,99.68246
1958-01-01,Korea,
1987-01-01,France,99.72515
1963-01-01,Belgium,
1981-01-01,Ireland,100.4379
1971-01-01,Sweden,
2015-01-01,Canada,100.0868
1977-01-01,Norway,99.90948
2011-01-01,Indonesia,100.1612
1970-01-01,Australia,100.4525
1982-01-01,Estonia,
1959-01-01,Sweden,
1997-01-01,Slovak Republic,101.3188
1970-01-01,United States,101.3031
1996-01-01,Canada,100.5059
1986-01-01,Slovak Republic,
1960-01-01,Belgium,
1993-01-01,Austria,99.81007
1972-01-01,Slovenia,
1988-01-01,Netherlands,99.75947
1987-01-01,Mexico,98.28368
1969-01-01,New Zealand,
1963-01-01,Czech Republic,
2001-01-01,Brazil,101.0768
1994-01-01,Spain,98.57497
2012-01-01,Slovenia,102.5304
1976-01-01,United States,95.6732
1999-01-01,Canada,100.8641
1991-01-01,Poland,
2003-01-01,India,98.69836
1972-01-01,United Kingdom,97.96652
1984-01-01,France,100.1714
1968-01-01,India,
1975-01-01,Japan,102.6007
1967-01-01,Estonia,
1989-01-01,Estonia,
2008-01-01,Korea,100.5843
1997-01-01,People's Republic of China.: Mainland,100.7265
1960-01-01,Portugal,
1956-01-01,United States,
1956-01-01,Denmark,
1965-01-01,Hungary,
1998-01-01,Denmark,100.6955
1969-01-01,Slovenia,
2008-01-01,Hungary,101.37
1956-01-01,Brazil,
1989-01-01,South Africa,101.8771
2014-01-01,Australia,99.92956
2000-01-01,Turkey,93.37878
2012-01-01,Ireland,100.3789
2006-01-01,Germany,100.2109
1999-01-01,People's Republic of China.: Mainland,97.95873
2004-01-01,Turkey,99.62476
1987-01-01,Hungary,
1980-01-01,Czech Republic,
2009-01-01,Canada,100.3068
2013-01-01,Norway,100.4646
1990-01-01,South Africa,100.9116
1959-01-01,Slovenia,
1993-01-01,Turkey,100.0075
1992-01-01,Netherlands,100.2148
1959-01-01,Luxembourg,
1998-01-01,Hungary,99.90778
1993-01-01,Switzerland,98.42841
1992-01-01,France,99.64053
1985-01-01,Israel,
1981-01-01,Luxembourg,
1969-01-01,Ireland,
2005-01-01,Norway,99.37897
1985-01-01,Chile,
1963-01-01,Canada,100.9138
1978-01-01,Netherlands,99.9116
2000-01-01,Russia,96.15086
1972-01-01,France,99.95529
2015-01-01,Switzerland,100.8639
2013-01-01,Italy,99.71864
1976-01-01,France,97.8655
1995-01-01,United Kingdom,101.164
1978-01-01,United States,101.1825
2004-01-01,Indonesia,97.98177
2014-01-01,People's Republic of China.: Mainland,100.5777
2011-01-01,France,99.82451
1986-01-01,Czech Republic,
1961-01-01,United Kingdom,102.4359
2007-01-01,India,99.1996
1960-01-01,Korea,
1988-01-01,New Zealand,99.1861
1977-01-01,Greece,100.258
1957-01-01,Czech Republic,
1980-01-01,Estonia,
2002-01-01,Brazil,101.4292
1994-01-01,Germany,96.90331
2003-01-01,Luxembourg,98.78609
1993-01-01,Norway,99.60786
1974-01-01,Norway,
1982-01-01,Turkey,
1986-01-01,Mexico,101.8105
1967-01-01,Brazil,
2009-01-01,Slovenia,101.1485
1992-01-01,Israel,
2004-01-01,Switzerland,97.50164
1999-01-01,Portugal,100.7508
2003-01-01,Germany,98.4569
1964-01-01,France,
1985-01-01,Sweden,102.3239
1995-01-01,Norway,100.2086
2009-01-01,Italy,101.5162
2015-01-01,Indonesia,99.02507
1968-01-01,Estonia,
2011-01-01,Chile,101.159
1975-01-01,New Zealand,
1995-01-01,Czech Republic,
1981-01-01,People's Republic of China.: Mainland,
1965-01-01,Chile,
2012-01-01,Greece,99.09898
2005-01-01,Switzerland,99.9272
1990-01-01,New Zealand,100.7279
1960-01-01,Russia,
1971-01-01,Norway,
1966-01-01,Spain,
1975-01-01,Turkey,
1960-01-01,Germany,
2011-01-01,Turkey,100.4009
2008-01-01,Denmark,101.401
2010-01-01,India,98.96818
1995-01-01,Mexico,104.5456
1994-01-01,Chile,
1966-01-01,People's Republic of China.: Mainland,
1974-01-01,Turkey,
1973-01-01,Ireland,
1997-01-01,Australia,98.94065
1991-01-01,Australia,99.94971
1985-01-01,Austria,99.82521
2008-01-01,Italy,101.5778
1986-01-01,Norway,101.0207
1980-01-01,Finland,
1968-01-01,United States,98.95074
2001-01-01,Czech Republic,100.453
1960-01-01,Austria,
1987-01-01,Slovenia,
1984-01-01,Slovak Republic,
2014-01-01,Netherlands,98.77753
2003-01-01,Sweden,97.88857
2010-01-01,United States,95.63262
2013-01-01,Mexico,101.2305
1961-01-01,Spain,
2004-01-01,South Africa,98.87054
1973-01-01,Belgium,99.07437
1979-01-01,Switzerland,100.7537
1965-01-01,Germany,99.9212
2006-01-01,Brazil,100.3843
2009-01-01,Israel,103.3714
2013-01-01,Indonesia,100.9206
1993-01-01,France,99.39217
1980-01-01,Sweden,101.5206
1960-01-01,France,
1966-01-01,Brazil,
1958-01-01,Brazil,
1956-01-01,India,
2013-01-01,Czech Republic,99.48127
2006-01-01,Italy,99.98357
1983-01-01,Hungary,
2012-01-01,Indonesia,100.2106
2003-01-01,Finland,98.59441
2010-01-01,Ireland,96.98358
1982-01-01,Italy,99.99654
2000-01-01,Netherlands,99.51288
2010-01-01,Poland,98.2169
2004-01-01,Mexico,100.289
1991-01-01,Belgium,101.3463
2003-01-01,Spain,99.60265
1988-01-01,Australia,99.07955
1980-01-01,Ireland,101.4346
1973-01-01,People's Republic of China.: Mainland,
1958-01-01,Switzerland,
1996-01-01,Chile,
1978-01-01,Canada,100.1239
1983-01-01,Germany,99.18834
1988-01-01,Italy,100.426
1960-01-01,Israel,
1963-01-01,France,
1993-01-01,Greece,100.2685
1969-01-01,France,
2004-01-01,New Zealand,99.81927
1986-01-01,Ireland,100.069
1979-01-01,Indonesia,
1956-01-01,United Kingdom,
1961-01-01,Italy,
1985-01-01,Mexico,99.38029
1972-01-01,Chile,
1981-01-01,Hungary,
1976-01-01,United Kingdom,95.00476
1960-01-01,Spain,
1975-01-01,Italy,103.2385
1988-01-01,Austria,99.10625
2010-01-01,Canada,96.39584
1959-01-01,Israel,
1958-01-01,Indonesia,
2006-01-01,India,99.66634
1984-01-01,Italy,97.87399
2013-01-01,Portugal,97.88198
1977-01-01,Mexico,
1958-01-01,Greece,
1980-01-01,Slovenia,
1984-01-01,Norway,97.67399
1997-01-01,Indonesia,102.5226
2001-01-01,Belgium,101.5773
1985-01-01,India,
1980-01-01,Luxembourg,
1964-01-01,Greece,
1994-01-01,South Africa,98.24326
1983-01-01,New Zealand,
1967-01-01,Russia,
1987-01-01,Australia,100.0171
1979-01-01,Turkey,
2011-01-01,Brazil,101.8923
1993-01-01,Poland,99.41109
2000-01-01,Sweden,99.39793
1977-01-01,India,
1995-01-01,Italy,98.04047
1988-01-01,Hungary,
2002-01-01,People's Republic of China.: Mainland,98.07415
1961-01-01,Russia,
1992-01-01,Slovenia,
1971-01-01,Canada,98.80429
2010-01-01,Netherlands,96.13035
1999-01-01,Chile,100.8735
2012-01-01,Luxembourg,102.3417
2007-01-01,Austria,99.88586
2006-01-01,People's Republic of China.: Mainland,100.1828
1972-01-01,South Africa,
1959-01-01,United Kingdom,98.07966
1962-01-01,Slovak Republic,
2006-01-01,Slovenia,99.24994
1999-01-01,Japan,98.91959
1960-01-01,Estonia,
1960-01-01,South Africa,
1996-01-01,Netherlands,101.169
1983-01-01,Austria,98.89743
2000-01-01,Brazil,97.48116
2014-01-01,Turkey,100.6463
1956-01-01,Spain,
2011-01-01,Luxembourg,100.1628
1961-01-01,United States,100.9274
1990-01-01,Indonesia,
1981-01-01,Czech Republic,
1967-01-01,Turkey,
1993-01-01,Hungary,101.1165
1980-01-01,Portugal,100.0985
1970-01-01,Denmark,101.4578
1978-01-01,Germany,100.7072
2000-01-01,Luxembourg,99.11449
1988-01-01,Russia,
1971-01-01,Netherlands,101.781
1966-01-01,Austria,100.807
2002-01-01,Sweden,100.9651
1993-01-01,Canada,99.24477
1972-01-01,Mexico,
1977-01-01,Portugal,
1975-01-01,France,100.8595
1966-01-01,United States,101.0551
1976-01-01,Denmark,95.76752
1988-01-01,Mexico,99.22192
2003-01-01,South Africa,100.4151
2002-01-01,India,100.6256
1973-01-01,Russia,
1983-01-01,Israel,
2002-01-01,Australia,98.87045
1989-01-01,Slovenia,
1979-01-01,South Africa,97.94347
1963-01-01,Netherlands,100.3249
2008-01-01,Turkey,101.4076
1984-01-01,Australia,96.7312
1967-01-01,Japan,98.3563
2010-01-01,Israel,96.18569
1965-01-01,Israel,
1984-01-01,Belgium,99.19714
1995-01-01,Luxembourg,99.342
1958-01-01,United Kingdom,
1979-01-01,Italy,98.81839
2003-01-01,Estonia,97.30179
1968-01-01,Japan,99.89582
1963-01-01,United Kingdom,97.52509
1989-01-01,Russia,
1990-01-01,Belgium,100.6674
1978-01-01,Czech Republic,
2000-01-01,Korea,100.1163
1963-01-01,Japan,100.3054
1968-01-01,United Kingdom,96.64133
1961-01-01,Estonia,
2004-01-01,Korea,100.2051
1971-01-01,United States,98.90412
1958-01-01,Slovenia,
1957-01-01,Chile,
1998-01-01,Mexico,101.1523
1990-01-01,Turkey,96.53191
1990-01-01,Germany,100.9651
1973-01-01,Finland,
1981-01-01,Portugal,102.3972
2003-01-01,Denmark,98.69189
1964-01-01,Russia,
2009-01-01,Japan,100.4791
2009-01-01,India,100.704
1987-01-01,Israel,
1972-01-01,Germany,99.49838
1996-01-01,Slovenia,
1996-01-01,France,101.3784
1960-01-01,Japan,
1984-01-01,Indonesia,
1957-01-01,Belgium,
1975-01-01,Portugal,
1994-01-01,Austria,98.25322
1991-01-01,Greece,104.7976
1961-01-01,Canada,99.64576
2013-01-01,Finland,97.99025
1956-01-01,Germany,
1990-01-01,Russia,
1985-01-01,United Kingdom,101.4409
1991-01-01,New Zealand,101.0199
2002-01-01,Luxembourg,100.8487
2004-01-01,Luxembourg,99.21366
1972-01-01,Netherlands,99.97096
1986-01-01,Indonesia,
1980-01-01,Denmark,102.5799
1970-01-01,Portugal,
2001-01-01,Germany,101.1005
1978-01-01,Spain,99.60157
1995-01-01,Israel,
1983-01-01,United Kingdom,99.00923
1999-01-01,Estonia,104.9958
1977-01-01,Italy,99.45621
1994-01-01,Italy,97.8264
1970-01-01,Israel,
1956-01-01,Slovak Republic,
1971-01-01,Czech Republic,
1974-01-01,India,
1959-01-01,Ireland,
1982-01-01,Finland,
1962-01-01,Finland,
2011-01-01,Canada,100.5591
1971-01-01,Indonesia,
1965-01-01,Netherlands,100.7414
1959-01-01,Czech Republic,
1989-01-01,Italy,100.5424
1980-01-01,Italy,102.0792
2008-01-01,Brazil,101.229
2014-01-01,South Africa,100.6686
1997-01-01,Switzerland,98.89092
1972-01-01,Canada,98.60919
1965-01-01,France,
1970-01-01,Netherlands,101.0452
1986-01-01,Belgium,99.99259
1967-01-01,Ireland,
1985-01-01,Hungary,
1988-01-01,India,
1986-01-01,Denmark,101.2027
2000-01-01,Germany,98.73453
1973-01-01,United Kingdom,103.3269
2014-01-01,Ireland,99.80717
1998-01-01,Austria,99.39389
1997-01-01,Denmark,99.70807
1988-01-01,Denmark,100.0096
1974-01-01,Czech Republic,
1971-01-01,India,
1993-01-01,Czech Republic,
1996-01-01,Luxembourg,101.8211
2013-01-01,Netherlands,99.54153
1961-01-01,Denmark,
2010-01-01,South Africa,96.73058
1983-01-01,Switzerland,98.33218
1980-01-01,Hungary,
1982-01-01,Luxembourg,
1976-01-01,Turkey,
1970-01-01,Slovenia,
1983-01-01,Netherlands,98.59243
1974-01-01,Korea,
1974-01-01,Netherlands,101.5404
1991-01-01,Russia,
1967-01-01,Netherlands,100.6138
1977-01-01,United Kingdom,99.1562
1970-01-01,Korea,
1989-01-01,Switzerland,99.49167
1975-01-01,Switzerland,101.9969
1998-01-01,Australia,99.49593
1995-01-01,Switzerland,101.5521
2009-01-01,Hungary,101.5335
1984-01-01,South Africa,98.6509
2008-01-01,Mexico,100.0007
1985-01-01,France,99.59658
1995-01-01,Denmark,100.7483
1981-01-01,United Kingdom,99.93076
2005-01-01,Czech Republic,98.83546
1984-01-01,India,
1999-01-01,Hungary,102.1543
1957-01-01,Korea,
1972-01-01,Spain,
2003-01-01,People's Republic of China.: Mainland,97.50251
1994-01-01,Australia,100.1381
2010-01-01,Turkey,89.31734
1975-01-01,Luxembourg,
1970-01-01,Ireland,
1970-01-01,Belgium,101.292
1996-01-01,Portugal,101.5386
1990-01-01,Norway,98.65336
2000-01-01,Mexico,98.52518
1980-01-01,Norway,99.29216
1974-01-01,Luxembourg,
1962-01-01,Slovenia,
1984-01-01,Mexico,96.00523
1962-01-01,Poland,
1973-01-01,Slovak Republic,
2004-01-01,Greece,100.2421
1958-01-01,Estonia,
1957-01-01,Estonia,
1978-01-01,Hungary,
1988-01-01,Luxembourg,99.16039
1967-01-01,Israel,
1972-01-01,Australia,99.54053
1977-01-01,Slovak Republic,
1967-01-01,New Zealand,
1967-01-01,Finland,
1998-01-01,Indonesia,106.9207
1984-01-01,New Zealand,
1965-01-01,Greece,
1979-01-01,Czech Republic,
1986-01-01,Canada,98.7232
1971-01-01,Italy,100.8656
2000-01-01,South Africa,97.07585
2004-01-01,Chile,97.88316
1999-01-01,Russia,99.72163
1992-01-01,Poland,
1991-01-01,Brazil,99.57747
1974-01-01,Austria,102.0292
1962-01-01,New Zealand,
1957-01-01,Australia,
2013-01-01,United States,99.61746
1981-01-01,Slovak Republic,
1971-01-01,Austria,101.0827
1986-01-01,Portugal,98.37849
1993-01-01,Sweden,98.01922
1963-01-01,Hungary,
1992-01-01,Czech Republic,
1967-01-01,France,
1991-01-01,Indonesia,
1997-01-01,Hungary,98.46381
1998-01-01,Czech Republic,101.5073
1986-01-01,France,99.06675
1968-01-01,Denmark,
1985-01-01,Norway,100.3858
1986-01-01,Korea,
1966-01-01,Slovak Republic,
1973-01-01,Germany,97.96329
1977-01-01,Switzerland,98.03273
2009-01-01,Spain,102.3499
1970-01-01,Poland,
2002-01-01,Italy,101.0354
1956-01-01,Australia,
1968-01-01,Germany,95.31116
2011-01-01,Slovak Republic,97.18215
1974-01-01,People's Republic of China.: Mainland,
2010-01-01,Mexico,95.12916
1965-01-01,Turkey,
1983-01-01,Slovak Republic,
1979-01-01,Japan,99.58829
1996-01-01,Estonia,
2013-01-01,Slovak Republic,98.55936
1984-01-01,Brazil,
1994-01-01,Czech Republic,
1971-01-01,Russia,
1971-01-01,Greece,
2000-01-01,Switzerland,99.35301
1982-01-01,South Africa,104.1807
2015-01-01,Russia,100.4232
1988-01-01,Norway,99.59669
1989-01-01,Finland,102.8834
1998-01-01,Ireland,96.92565
1956-01-01,People's Republic of China.: Mainland,
2014-01-01,Korea,99.28062
1988-01-01,Japan,99.10762
1968-01-01,Korea,
1974-01-01,Spain,
1994-01-01,Mexico,98.80454
1991-01-01,India,
1997-01-01,India,101.6936
2014-01-01,Luxembourg,99.08783
1972-01-01,Italy,98.84563
2013-01-01,People's Republic of China.: Mainland,100.0995
1998-01-01,South Africa,100.9124
2009-01-01,United Kingdom,101.0119
1959-01-01,Estonia,
1965-01-01,Slovak Republic,
1988-01-01,Canada,101.4263
1973-01-01,France,99.78726
2000-01-01,Indonesia,92.51637
1984-01-01,Sweden,99.48412
1980-01-01,Germany,101.7373
1965-01-01,Norway,
2002-01-01,Norway,101.0373
2004-01-01,United Kingdom,99.68927
1956-01-01,Netherlands,
1973-01-01,United States,101.1281
1998-01-01,Sweden,99.46216
2004-01-01,Russia,98.72598
2001-01-01,Switzerland,101.8523
2007-01-01,Canada,100.1581
1975-01-01,Denmark,100.0729
1971-01-01,New Zealand,
1981-01-01,Germany,100.9907
1988-01-01,Greece,97.71652
2015-01-01,Mexico,98.89801
1982-01-01,Poland,
1985-01-01,Slovenia,
1972-01-01,United States,98.74788
1967-01-01,South Africa,
1979-01-01,Poland,
1997-01-01,United Kingdom,99.94491
1989-01-01,Brazil,
1962-01-01,Austria,
1994-01-01,Slovak Republic,
1991-01-01,France,101.459
1996-01-01,Japan,100.8321
1982-01-01,Germany,98.68247
1975-01-01,Greece,
1983-01-01,Sweden,99.24212
1989-01-01,Germany,99.66817
1973-01-01,Spain,
2001-01-01,Indonesia,100.8804
1997-01-01,Japan,101.3144
1959-01-01,Australia,
1986-01-01,Germany,100.8221
1964-01-01,Brazil,
1974-01-01,Greece,
1997-01-01,Portugal,99.12379
1956-01-01,Indonesia,
1990-01-01,Korea,
1984-01-01,Chile,
1974-01-01,New Zealand,
2010-01-01,Switzerland,95.25838
1956-01-01,Austria,
1987-01-01,Portugal,99.48465
1995-01-01,People's Republic of China.: Mainland,98.7663
2011-01-01,United States,98.7951
1967-01-01,Portugal,
1964-01-01,Belgium,
1997-01-01,Canada,97.9758
1991-01-01,Canada,99.35639
1956-01-01,Israel,
1987-01-01,Chile,
1966-01-01,Portugal,
2015-01-01,Slovenia,98.11639
1996-01-01,Norway,100.3431
1978-01-01,Switzerland,101.1502
1984-01-01,Luxembourg,
1966-01-01,Netherlands,100.8695
1962-01-01,Brazil,
2009-01-01,Greece,101.8509
1966-01-01,Belgium,
2014-01-01,Belgium,98.86483
1995-01-01,Poland,99.7919
1978-01-01,France,100.0537
1968-01-01,Luxembourg,
1960-01-01,United States,101.9054
2007-01-01,Israel,100.6524
1964-01-01,Sweden,
1967-01-01,Belgium,
2006-01-01,Slovak Republic,99.77785
1969-01-01,Sweden,
1973-01-01,Brazil,
1979-01-01,Brazil,
2006-01-01,Spain,100.3715
2015-01-01,Japan,101.4482
1970-01-01,New Zealand,
1997-01-01,Spain,99.31435
1965-01-01,Belgium,
1959-01-01,Brazil,
2005-01-01,United Kingdom,100.517
1970-01-01,Greece,
1962-01-01,People's Republic of China.: Mainland,
1958-01-01,Spain,
1997-01-01,Finland,97.5181
1977-01-01,Indonesia,
1972-01-01,India,
1965-01-01,Estonia,
1988-01-01,Indonesia,
2011-01-01,Russia,95.86628
2012-01-01,United Kingdom,101.4678
2000-01-01,Estonia,96.8538
1981-01-01,Spain,99.28581
1978-01-01,Australia,99.94748
1998-01-01,Israel,99.33776
1976-01-01,Korea,
2007-01-01,Portugal,99.40919
1965-01-01,Mexico,
1967-01-01,Indonesia,
1973-01-01,Portugal,
1972-01-01,Russia,
1984-01-01,Portugal,100.4089
2001-01-01,Australia,100.7855
2015-01-01,India,98.41599
1992-01-01,United States,97.18497
1969-01-01,Spain,
1979-01-01,Chile,
1975-01-01,Indonesia,
2005-01-01,Spain,99.9107
2000-01-01,United States,99.9787
1995-01-01,Spain,98.68829
1971-01-01,Switzerland,102.1677
1957-01-01,Denmark,
1959-01-01,Netherlands,
2010-01-01,Slovak Republic,100.4038
1966-01-01,Chile,
1968-01-01,Netherlands,97.04623
1984-01-01,United States,98.02653
1959-01-01,Switzerland,
1982-01-01,Canada,101.1334
2007-01-01,Czech Republic,101.4144
1999-01-01,Luxembourg,101.0953
1986-01-01,India,
2012-01-01,Spain,99.76009
